Aaf;v|
Aafje;v|
Aafke;v|
Aagje;v|
Aby;v|
Adelheid;v|
Adina;v|
Adri;v|
Agaath;v|
Aïcha;v|
Aïda;v|
Aileen;v|
Aimee;v|
Aïsha;v|
Aleid;v|
Alejandra;v|
Alexandra;v|
Alicia;v|
Alissa;v|
Ally;v|
Aloïse;v|
Alphonsine;v|
Alyssa;v|
Amalia;v|
Amanda;v|
Amber;v|
Amélia;v|
Ami;v|
Amy;v|
An;v|
Anaïs;v|
Andréa;v|
Angel;v|
Angelina;v|
Angeline;v|
Angelique;v|
Anja;v|
Anje;v|
Ank;v|
Anke;v|
Ankie;v|
Ann;v|
Anna;v|
Annabel;v|
Annebel;v|
Anneke;v|
Annelies;v|
Anneloes;v|
Annemarie;v|
Annet;v|
Anniek;v|
Ans;v|
Antoinette;v|
Ariadne;v|
Ariana;v|
Ariëlle;v|
Ashley;v|
Astrid;v|
Atie;v|
Babette;v|
Babs;v|
Barbara;v|
Bea;v|
Beatrice;v|
Belinda;v|
Bella;v|
Benoîte;v|
Berdien;v|
Berdine;v|
Berta;v|
Bertha;v|
Bertien;v|
Betsie;v|
Beverley;v|
Bianca;v|
Birgitta;v|
Birgitte;v|
Bloem;v|
Bonnie;v|
Brecht;v|
Bridget;v|
Brigitta;v|
Britany;v|
Britt;v|
Caren;v|
Carlien;v|
Carlotta;v|
Carmen;v|
Catharina;v|
Catherine;v|
Cecile;v|
Cecilia;v|
Célestine;v|
Celine;v|
Chantal;v|
Chantalle;v|
Charlène;v|
Chloë;v|
Christel;v|
Christien;v|
Christina;v|
Christine;v|
Ciska;v|
Claire;v|
Claudia;v|
Clementine;v|
Cobie;v|
Coby;v|
Connie;v|
Conny;v|
Corien;v|
Corrie;v|
Corry;v|
Cynthia;v|
Daisy;v|
Daniëlla;v|
Daniëlle;v|
Daphne;v|
Debbie;v|
Debby;v|
Deborah;v|
Delilah;v|
Denise;v|
Diana;v|
Diane;v|
Diewertje;v|
Dolores;v|
Donna;v|
Donya;v|
Dorothea;v|
Edith;v|
Eef;v|
Eefje;v|
Eleonora;v|
Elianne;v|
Elisabeth;v|
Ellemijn;v|
Eloïse;v|
Emelie;v|
Emilia;v|
Emily;v|
Emma;v|
Emmely;v|
Emy;v|
Estelle;v|
Esther;v|
Eva;v|
Evelien;v|
Eveline;v|
Evy;v|
Fabienne;v|
Fannie;v|
Fanny;v|
Felicia;v|
Femke;v|
Fleur;v|
Floortje;v|
Flora;v|
Francina;v|
Francine;v|
Franciska;v|
Fraukje;v|
Freya;v|
Frida;v|
Froukje;v|
Gabi;v|
Gabriëlle;v|
Gaby;v|
Gail;v|
Gé;v|
Gea;v|
Gemma;v|
Georgina;v|
Georgine;v|
Gerta;v|
Gigi;v|
Gillian;v|
Ginny;v|
Goedele;v|
Gonnie;v|
Gonny;v|
Grace;v|
Greet;v|
Greetje;v|
Guusje;v|
Gwen;v|
Gytha;v|
Hanna;v|
Hanneke;v|
Hannie;v|
Harmien;v|
Heidi;v|
Heidy;v|
Heleen;v|
Helen;v|
Helene;v|
Helga;v|
Hennie;v|
Henriëtte;v|
Hermeline;v|
Hermien;v|
Hester;v|
Hetta;v|
Hilda;v|
Hilde;v|
Hiska;v|
Ida;v|
Iemke;v|
Ilona;v|
Ilse;v|
Imke;v|
Ineke;v|
Inge;v|
Ingeborg;v|
Inge-Marije;v|
Ingmar;v|
Ingrid;v|
Inneke;v|
Irene;v|
Iris;v|
Isabel;v|
Isabella;v|
Isabelle;v|
Ivette;v|
Ivonne;v|
Jacobine;v|
Jaimy;v|
Janine;v|
Janneke;v|
Janny;v|
Jans;v|
Jantien;v|
Jaqueline;v|
Jasmijn;v|
Jasmine;v|
Jeanette;v|
Jeltje;v|
Jenny;v|
Jenske;v|
Jessica;v|
Laurentien;v|
Lea;v|
Lena;v|
Lenneke;v|
Lenny;v|
Leonie;v|
Leontien;v|
Lieke;v|
Lies;v|
Liesbeth;v|
